{
  "models": {
    "Logistic Regression": {
      "accuracy": 0.8666666666666667,
      "precision": 0.8333333333333334,
      "recall": 0.8333333333333334,
      "f1": 0.8333333333333334,
      "roc_auc": 0.9421296296296298
    },
    "Random Forest": {
      "accuracy": 0.8666666666666667,
      "precision": 0.8076923076923077,
      "recall": 0.875,
      "f1": 0.84,
      "roc_auc": 0.9467592592592592
    },
    "Support Vector Machine": {
      "accuracy": 0.8833333333333333,
      "precision": 0.8695652173913043,
      "recall": 0.8333333333333334,
      "f1": 0.851063829787234,
      "roc_auc": 0.9502314814814815
    },
    "XGBoost": {
      "accuracy": 0.8166666666666667,
      "precision": 0.7407407407407407,
      "recall": 0.8333333333333334,
      "f1": 0.7843137254901961,
      "roc_auc": 0.9085648148148148
    }
  },
  "best_model": "Support Vector Machine"
}